design,ipSAE_p19,binder_len,dSASA_int,shape_complementarity,hbonds_int,delta_unsatHbonds
529,0.225,56,1603.9,0.457,3,12
773,0.164,54,1734.9,0.471,1,8
638,0.121,66,1591.7,0.451,1,10
303,0.078,59,1709.1,0.457,1,9
138,0.052,89,1620.7,0.443,0,9
293,0.044,78,1754.7,0.436,2,10
381,0.044,50,1417.4,0.485,1,1
100,0.039,60,1754.3,0.513,0,6
68,0.020,51,1332.3,0.297,0,6
202,0.018,54,1045.0,0.258,0,4
941,0.014,65,725.4,0.186,1,0
487,0.013,59,1060.0,0.411,0,7
340,0.013,98,626.4,0.324,0,0
616,0.012,68,354.3,0.460,0,0
663,0.012,63,644.8,0.546,0,3
550,0.012,73,1237.5,0.438,1,8
983,0.012,55,143.9,0.695,0,0
264,0.012,52,333.5,0.351,0,0
543,0.011,59,756.0,0.397,0,3
130,0.011,92,312.8,0.070,0,0
